business_name,operating_name,page_url,scrape_time
0-100k Construction inc.,,https://apps.cra-arc.gc.ca/ebci/habs/cews/srch/pub/fllLstSrh?dsrdPg=1&q.ordrClmn=NAME&q.ordrRnk=ASC,2022-06-29T16:27:43Z
001 INK TONER CARTRIDGE LTD.,,https://apps.cra-arc.gc.ca/ebci/habs/cews/srch/pub/fllLstSrh?dsrdPg=1&q.ordrClmn=NAME&q.ordrRnk=ASC,2022-06-29T16:27:43Z
001941 N B LTD,BLEACHERS SPORTS BAR,https://apps.cra-arc.gc.ca/ebci/habs/cews/srch/pub/fllLstSrh?dsrdPg=1&q.ordrClmn=NAME&q.ordrRnk=ASC,2022-06-29T16:27:43Z
002240 N.B. INC.,TAXACTION-THE BRANCH COMPANY LTD,https://apps.cra-arc.gc.ca/ebci/habs/cews/srch/pub/fllLstSrh?dsrdPg=1&q.ordrClmn=NAME&q.ordrRnk=ASC,2022-06-29T16:27:43Z
0028798 B.C. LTD.,,https://apps.cra-arc.gc.ca/ebci/habs/cews/srch/pub/fllLstSrh?dsrdPg=1&q.ordrClmn=NAME&q.ordrRnk=ASC,2022-06-29T16:27:43Z
0043660 B.C. LTD.,,https://apps.cra-arc.gc.ca/ebci/habs/cews/srch/pub/fllLstSrh?dsrdPg=1&q.ordrClmn=NAME&q.ordrRnk=ASC,2022-06-29T16:27:43Z
0054915 B.C. LTD.,,https://apps.cra-arc.gc.ca/ebci/habs/cews/srch/pub/fllLstSrh?dsrdPg=1&q.ordrClmn=NAME&q.ordrRnk=ASC,2022-06-29T16:27:43Z
0055117 B.C. LTD.,,https://apps.cra-arc.gc.ca/ebci/habs/cews/srch/pub/fllLstSrh?dsrdPg=1&q.ordrClmn=NAME&q.ordrRnk=ASC,2022-06-29T16:27:43Z
007 LIVESTOCK FEEDERS LTD.,,https://apps.cra-arc.gc.ca/ebci/habs/cews/srch/pub/fllLstSrh?dsrdPg=1&q.ordrClmn=NAME&q.ordrRnk=ASC,2022-06-29T16:27:43Z
0080277 B.C. LTD.,,https://apps.cra-arc.gc.ca/ebci/habs/cews/srch/pub/fllLstSrh?dsrdPg=1&q.ordrClmn=NAME&q.ordrRnk=ASC,2022-06-29T16:27:43Z
0092584 B.C. LTD.,OKANAGAN CREDIT CENTER,https://apps.cra-arc.gc.ca/ebci/habs/cews/srch/pub/fllLstSrh?dsrdPg=1&q.ordrClmn=NAME&q.ordrRnk=ASC,2022-06-29T16:27:43Z
01 COMMUNIQUE LABORATORY INC,,https://apps.cra-arc.gc.ca/ebci/habs/cews/srch/pub/fllLstSrh?dsrdPg=1&q.ordrClmn=NAME&q.ordrRnk=ASC,2022-06-29T16:27:43Z
01 MILLENNIUM CONSULTING INC.,,https://apps.cra-arc.gc.ca/ebci/habs/cews/srch/pub/fllLstSrh?dsrdPg=1&q.ordrClmn=NAME&q.ordrRnk=ASC,2022-06-29T16:27:43Z
0110365 B.C. LTD.,,https://apps.cra-arc.gc.ca/ebci/habs/cews/srch/pub/fllLstSrh?dsrdPg=1&q.ordrClmn=NAME&q.ordrRnk=ASC,2022-06-29T16:27:43Z
0113385 B.C. LTD.,,https://apps.cra-arc.gc.ca/ebci/habs/cews/srch/pub/fllLstSrh?dsrdPg=1&q.ordrClmn=NAME&q.ordrRnk=ASC,2022-06-29T16:27:43Z
0127494 B.C. LTD.,Vernon Hyundai,https://apps.cra-arc.gc.ca/ebci/habs/cews/srch/pub/fllLstSrh?dsrdPg=1&q.ordrClmn=NAME&q.ordrRnk=ASC,2022-06-29T16:27:43Z
0133816 B.C. LTD.,,https://apps.cra-arc.gc.ca/ebci/habs/cews/srch/pub/fllLstSrh?dsrdPg=1&q.ordrClmn=NAME&q.ordrRnk=ASC,2022-06-29T16:27:43Z
0137474 B.C. LTD.,Lakeland Flowers,https://apps.cra-arc.gc.ca/ebci/habs/cews/srch/pub/fllLstSrh?dsrdPg=1&q.ordrClmn=NAME&q.ordrRnk=ASC,2022-06-29T16:27:43Z
0145955 B.C. LTD.,,https://apps.cra-arc.gc.ca/ebci/habs/cews/srch/pub/fllLstSrh?dsrdPg=1&q.ordrClmn=NAME&q.ordrRnk=ASC,2022-06-29T16:27:43Z
0149948 B.C. LTD.,AZ Home,https://apps.cra-arc.gc.ca/ebci/habs/cews/srch/pub/fllLstSrh?dsrdPg=1&q.ordrClmn=NAME&q.ordrRnk=ASC,2022-06-29T16:27:43Z
0166041 B.C. LTD.,,https://apps.cra-arc.gc.ca/ebci/habs/cews/srch/pub/fllLstSrh?dsrdPg=1&q.ordrClmn=NAME&q.ordrRnk=ASC,2022-06-29T16:27:43Z
016773 N.B. LTD.,,https://apps.cra-arc.gc.ca/ebci/habs/cews/srch/pub/fllLstSrh?dsrdPg=1&q.ordrClmn=NAME&q.ordrRnk=ASC,2022-06-29T16:27:43Z
0208969 B.C. LTD.,,https://apps.cra-arc.gc.ca/ebci/habs/cews/srch/pub/fllLstSrh?dsrdPg=1&q.ordrClmn=NAME&q.ordrRnk=ASC,2022-06-29T16:27:43Z
0232923 B.C. LTD.,,https://apps.cra-arc.gc.ca/ebci/habs/cews/srch/pub/fllLstSrh?dsrdPg=1&q.ordrClmn=NAME&q.ordrRnk=ASC,2022-06-29T16:27:43Z
